{"0": [0.1930812368554695, 0.7953125], "1": [0.17927469414179473, 0.8927309782608696], "2": [0.288115387398761, 0.9097282608695653], "3": [0.19202377316720642, 0.9226494565217391], "4": [0.334486547158141, 0.927608695652174], "5": [0.3635225664414305, 0.9330842391304348], "6": [0.30700652397322437, 0.9338994565217391], "7": [0.3378345652731033, 0.9386820652173913], "8": [0.38237404264064834, 0.938695652173913], "9": [0.18020458807132284, 0.9405570652173914], "10": [0.03742652975910557, 0.941875], "11": [0.24339176373634447, 0.9423777173913044], "12": [0.4644563056893285, 0.9428532608695652], "13": [0.6979568768156438, 0.9432201086956522], "14": [2.2507204654452315, 0.9438451086956522], "15": [0.08833767152674014, 0.9454483695652174], "16": [0.8221480100596394, 0.9450271739130435], "17": [0.16759837987673323, 0.9465489130434782], "18": [0.0714270294512714, 0.9471059782608696], "19": [0.0004364350102978066, 0.9460054347826087]}